{"cameraMode":{"drawMode":0,"name":"Shaded","section":"Shading Mode"},"sceneLighting":false,"audioPlay":false,"sceneViewState":{"showFog":false,"showMaterialUpdate":false,"showSkybox":false,"showFlares":false,"showImageEffects":true,"showParticleSystems":true},"in2DMode":false,"pivot":{"x":0.0,"y":0.8905432820320129,"z":-0.057677507400512698},"rotation":{"x":-0.26439809799194338,"y":-0.3024822175502777,"z":0.08773680031299591,"w":-0.9115395545959473},"size":1.4439542293548585,"orthographic":false}