{"cameraMode":{"drawMode":0,"name":"Shaded","section":"Shading Mode"},"sceneLighting":true,"audioPlay":false,"sceneViewState":{"showFog":false,"showMaterialUpdate":false,"showSkybox":false,"showFlares":false,"showImageEffects":true,"showParticleSystems":true},"in2DMode":false,"pivot":{"x":214.86463928222657,"y":1.278380274772644,"z":128.179443359375},"rotation":{"x":-0.26981812715530398,"y":-0.23891615867614747,"z":0.06929905712604523,"w":-0.9302254915237427},"size":1.8682270050048829,"orthographic":false}